"","Image_name","site","date","month","yday","hour","adult","nestling","sband","bband","eggs","day_night"
"1","/Volumes/Seagate Backup Plus Drive/Reconyx_2016/Rankin 2016/Site 1/Post-hatch/IMG_1480 (4).JPG",1,2016-07-23 17:17:47,7,205,17,1,0,0,0,0,"day"
"2","/Volumes/Seagate Backup Plus Drive/Reconyx_2016/Rankin 2016/Site 1/Post-hatch/IMG_2559 (4).JPG",1,2016-07-25 13:49:54,7,207,13,1,0,0,0,0,"day"
"3","/Volumes/Seagate Backup Plus Drive/Reconyx_2016/Rankin 2016/Site 1/Post-hatch/IMG_2884 (4).JPG",1,2016-07-25 17:07:16,7,207,17,0,1,0,0,0,"day"
"4","/Volumes/Seagate Backup Plus Drive/Reconyx_2016/Rankin 2016/Site 1/IMG_0460 (2).JPG",1,2016-06-22 11:33:07,6,174,11,1,0,0,0,0,"day"
"5","/Volumes/Seagate Backup Plus Drive/Reconyx_2016/Rankin 2016/Site 1/IMG_1033 (2).JPG",1,2016-06-23 12:24:17,6,175,12,1,0,0,0,0,"day"
"6","/Volumes/Seagate Backup Plus Drive/Reconyx_2016/Rankin 2016/Site 1/IMG_5817.JPG",1,2016-06-30 09:16:00,6,182,9,1,0,0,0,3,"day"
"7","/Volumes/Seagate Backup Plus Drive/Reconyx_2016/Rankin 2016/Site 1/IMG_4312.JPG",1,2016-06-19 14:43:23,6,171,14,1,0,0,0,1,"day"
"8","/Volumes/Seagate Backup Plus Drive/Reconyx_2016/Rankin 2016/Site 1/IMG_4688.JPG",1,2016-06-20 07:10:55,6,172,7,1,0,0,0,1,"day"
"9","/Volumes/Seagate Backup Plus Drive/Reconyx_2016/Rankin 2016/Site 1/IMG_0929 (3).JPG",1,2016-07-03 13:42:45,7,185,13,1,0,0,0,1,"day"
"10","/Volumes/Seagate Backup Plus Drive/Reconyx_2016/Rankin 2016/Site 1/IMG_4436.JPG",1,2016-06-20 10:04:38,6,172,10,1,0,0,0,2,"day"
"11","/Volumes/Seagate Backup Plus Drive/Reconyx_2016/Rankin 2016/Site 3/Post-hatch/IMG_1423 (2).JPG",3,2016-07-27 08:14:24,7,209,8,1,1,0,0,0,"day"
"12","/Volumes/Seagate Backup Plus Drive/Reconyx_2016/Rankin 2016/Site 3/Post-hatch/IMG_0678 (4).JPG",3,2016-08-10 18:57:48,8,223,18,0,1,0,0,0,"day"
"13","/Volumes/Seagate Backup Plus Drive/Reconyx_2016/Rankin 2016/Site 3/Post-hatch/IMG_1513 (2).JPG",3,2016-07-27 16:31:46,7,209,16,1,0,0,0,0,"day"
"14","/Volumes/Seagate Backup Plus Drive/Reconyx_2016/Rankin 2016/Site 3/Post-hatch/IMG_1224 (3).JPG",3,2016-08-07 11:02:30,8,220,11,0,1,0,0,0,"day"
"15","/Volumes/Seagate Backup Plus Drive/Reconyx_2016/Rankin 2016/Site 3/Post-hatch/IMG_0943.JPG",3,2016-07-23 08:32:26,7,205,8,1,0,0,0,0,"day"
"16","/Volumes/Seagate Backup Plus Drive/Reconyx_2016/Rankin 2016/Site 3/Post-hatch/IMG_1365.JPG",3,2016-07-24 01:26:08,7,206,1,1,2,0,0,0,"night"
"17","/Volumes/Seagate Backup Plus Drive/Reconyx_2016/Rankin 2016/Site 3/Post-hatch/IMG_0763.JPG",3,2016-07-23 01:58:34,7,205,1,1,1,0,0,0,"night"
"18","/Volumes/Seagate Backup Plus Drive/Reconyx_2016/Rankin 2016/Site 3/Post-hatch/IMG_0684 (3).JPG",3,2016-08-07 01:54:34,8,220,1,0,1,0,0,0,"night"
"19","/Volumes/Seagate Backup Plus Drive/Reconyx_2016/Rankin 2016/Site 3/Post-hatch/IMG_1934 (2).JPG",3,2016-08-13 03:19:24,8,226,3,0,1,0,0,0,"night"
"20","/Volumes/Seagate Backup Plus Drive/Reconyx_2016/Rankin 2016/Site 3/Post-hatch/IMG_1408.JPG",3,2016-07-24 02:25:00,7,206,2,1,0,0,0,0,"night"
"21","/Volumes/Seagate Backup Plus Drive/Reconyx_2016/Rankin 2016/Site 3/Post-hatch/IMG_1920.JPG",3,2016-07-28 18:43:20,7,210,18,1,3,0,0,1,"day"
"22","/Volumes/Seagate Backup Plus Drive/Reconyx_2016/Rankin 2016/Site 3/Post-hatch/IMG_1904.JPG",3,2016-07-28 18:40:10,7,210,18,1,1,0,0,1,"day"
"23","/Volumes/Seagate Backup Plus Drive/Reconyx_2016/Rankin 2016/Site 3/Post-hatch/IMG_0907 (2).JPG",3,2016-07-26 15:49:32,7,208,15,1,0,0,0,1,"day"
"24","/Volumes/Seagate Backup Plus Drive/Reconyx_2016/Rankin 2016/Site 3/Post-hatch/IMG_1397 (2).JPG",3,2016-07-27 07:32:46,7,209,7,1,0,0,0,2,"day"
"25","/Volumes/Seagate Backup Plus Drive/Reconyx_2016/Rankin 2016/Site 3/Post-hatch/IMG_0066.JPG",3,2016-07-19 11:51:56,7,201,11,1,1,0,0,1,"day"
"26","/Volumes/Seagate Backup Plus Drive/Reconyx_2016/Rankin 2016/Site 3/Post-hatch/IMG_1406.JPG",3,2016-07-24 02:15:54,7,206,2,1,2,0,0,1,"night"
"27","/Volumes/Seagate Backup Plus Drive/Reconyx_2016/Rankin 2016/Site 3/Post-hatch/2016-07-15 05-23-48.JPG",3,2016-07-15 01:23:48,7,197,1,1,0,0,0,4,"night"
"28","/Volumes/Seagate Backup Plus Drive/Reconyx_2016/Rankin 2016/Site 3/Post-hatch/IMG_1376.JPG",3,2016-07-24 01:45:36,7,206,1,1,0,0,0,1,"night"
"29","/Volumes/Seagate Backup Plus Drive/Reconyx_2016/Rankin 2016/Site 3/Post-hatch/2016-07-15 05-23-50.JPG",3,2016-07-15 01:23:50,7,197,1,1,0,0,0,2,"night"
"30","/Volumes/Seagate Backup Plus Drive/Reconyx_2016/Rankin 2016/Site 3/Post-hatch/IMG_1232 (2).JPG",3,2016-07-27 01:45:18,7,209,1,1,2,0,0,1,"night"
"31","/Volumes/Seagate Backup Plus Drive/Reconyx_2016/Rankin 2016/Site 4/Post-hatch/IMG_1973 (7).JPG",4,2016-08-11 10:39:52,8,224,10,0,2,0,0,0,"day"
"32","/Volumes/Seagate Backup Plus Drive/Reconyx_2016/Rankin 2016/Site 4/IMG_0253 (3).JPG",4,2016-06-28 10:19:58,6,180,10,1,0,0,0,0,"day"
"33","/Volumes/Seagate Backup Plus Drive/Reconyx_2016/Rankin 2016/Site 4/Post-hatch/IMG_0065 (6).JPG",4,2016-07-25 17:56:53,7,207,17,1,1,0,0,0,"day"
"34","/Volumes/Seagate Backup Plus Drive/Reconyx_2016/Rankin 2016/Site 4/Post-hatch/IMG_2165 (4).JPG",4,2016-08-07 10:56:09,8,220,10,0,1,0,0,0,"day"
"35","/Volumes/Seagate Backup Plus Drive/Reconyx_2016/Rankin 2016/Site 4/Post-hatch/2016-07-20 04-06-08 AM M 01_03.JPG",4,2016-07-20 10:06:08,7,202,10,1,0,0,0,0,"day"
"36","/Volumes/Seagate Backup Plus Drive/Reconyx_2016/Rankin 2016/Site 4/2016-07-10 03-04-53 AM M 03_03.JPG",4,2016-07-10 09:04:53,7,192,9,1,0,0,0,2,"day"
"37","/Volumes/Seagate Backup Plus Drive/Reconyx_2016/Rankin 2016/Site 4/IMG_3539.JPG",4,2016-06-25 13:28:09,6,177,13,1,0,0,0,2,"day"
"38","/Volumes/Seagate Backup Plus Drive/Reconyx_2016/Rankin 2016/Site 4/IMG_4488 (2).JPG",4,2016-07-02 11:51:04,7,184,11,1,0,0,0,2,"day"
"39","/Volumes/Seagate Backup Plus Drive/Reconyx_2016/Rankin 2016/Site 4/2016-07-09 01-29-13 PM M 03_03.JPG",4,2016-07-09 07:29:13,7,191,7,1,0,0,0,2,"day"
"40","/Volumes/Seagate Backup Plus Drive/Reconyx_2016/Rankin 2016/Site 4/IMG_0398 (3).JPG",4,2016-06-28 12:27:30,6,180,12,1,0,0,0,1,"day"
"41","/Volumes/Seagate Backup Plus Drive/Reconyx_2016/Rankin 2016/Site 8/Post-hatch/IMG_4483 (2).JPG",8,2016-07-09 08:39:27,7,191,8,1,1,0,0,0,"day"
"42","/Volumes/Seagate Backup Plus Drive/Reconyx_2016/Rankin 2016/Site 8/IMG_4536 (3).JPG",8,2016-07-07 17:06:30,7,189,17,1,0,0,0,0,"day"
"43","/Volumes/Seagate Backup Plus Drive/Reconyx_2016/Rankin 2016/Site 8/Post-hatch/IMG_0026 (8).JPG",8,2016-07-30 10:31:31,7,212,10,0,2,0,0,0,"day"
"44","/Volumes/Seagate Backup Plus Drive/Reconyx_2016/Rankin 2016/Site 8/Post-hatch/2016-07-15 01-13-08 PM M 01_03.JPG",8,2016-07-15 07:13:08,7,197,7,1,1,0,0,0,"day"
"45","/Volumes/Seagate Backup Plus Drive/Reconyx_2016/Rankin 2016/Site 8/Post-hatch/2016-07-15 09-47-50 PM M 02_03.JPG",8,2016-07-15 15:47:50,7,197,15,1,1,0,0,0,"day"
"46","/Volumes/Seagate Backup Plus Drive/Reconyx_2016/Rankin 2016/Site 8/Post-hatch/IMG_6613 (2).JPG",8,2016-07-07 16:04:15,7,189,16,1,0,0,0,1,"day"
"47","/Volumes/Seagate Backup Plus Drive/Reconyx_2016/Rankin 2016/Site 4/IMG_0023 (3).JPG",8,2016-06-11 17:41:17,6,163,17,0,0,0,0,1,"day"
"48","/Volumes/Seagate Backup Plus Drive/Reconyx_2016/Rankin 2016/Site 8/IMG_1927.JPG",8,2016-06-24 18:20:06,6,176,18,1,0,0,0,2,"day"
"49","/Volumes/Seagate Backup Plus Drive/Reconyx_2016/Rankin 2016/Site 8/IMG_4719.JPG",8,2016-06-25 14:10:18,6,177,14,0,0,0,0,3,"day"
"50","/Volumes/Seagate Backup Plus Drive/Reconyx_2016/Rankin 2016/Site 8/IMG_1671 (3).JPG",8,2016-07-05 12:22:55,7,187,12,1,0,0,0,2,"day"
"51","/Volumes/Seagate Backup Plus Drive/Reconyx_2016/Rankin 2016/Site 12/IMG_1647 (2).JPG",12,2016-06-15 07:53:31,6,167,7,1,0,0,0,0,"day"
"52","/Volumes/Seagate Backup Plus Drive/Reconyx_2016/Rankin 2016/Site 12/IMG_1374 (2).JPG",12,2016-06-23 15:51:39,6,175,15,1,0,0,0,0,"day"
"53","/Volumes/Seagate Backup Plus Drive/Reconyx_2016/Rankin 2016/Site 12/Post-hatch/2016-07-10 06-13-26 AM M 02_03.JPG",12,2016-07-10 12:13:26,7,192,12,1,0,0,0,0,"day"
"54","/Volumes/Seagate Backup Plus Drive/Reconyx_2016/Rankin 2016/Site 12/2016-07-07 02-03-43 AM M 01_03.JPG",12,2016-07-07 08:03:43,7,189,8,1,0,0,0,0,"day"
"55","/Volumes/Seagate Backup Plus Drive/Reconyx_2016/Rankin 2016/Site 12/IMG_4883.JPG",12,2016-06-18 12:02:34,6,170,12,1,0,0,0,0,"day"
"56","/Volumes/Seagate Backup Plus Drive/Reconyx_2016/Rankin 2016/Site 12/2016-07-07 11-35-58 PM M 01_03.JPG",12,2016-07-07 17:35:58,7,189,17,1,0,0,0,3,"day"
"57","/Volumes/Seagate Backup Plus Drive/Reconyx_2016/Rankin 2016/Site 12/IMG_2019.JPG",12,2016-06-23 16:39:51,6,175,16,1,0,0,0,1,"day"
"58","/Volumes/Seagate Backup Plus Drive/Reconyx_2016/Rankin 2016/Site 12/2016-07-06 12-37-38 PM M 02_03.JPG",12,2016-07-06 18:37:38,7,188,18,1,0,0,1,2,"day"
"59","/Volumes/Seagate Backup Plus Drive/Reconyx_2016/Rankin 2016/Site 12/IMG_1677 (2).JPG",12,2016-06-23 17:55:27,6,175,17,1,0,0,0,4,"day"
"60","/Volumes/Seagate Backup Plus Drive/Reconyx_2016/Rankin 2016/Site 12/IMG_8447.JPG",12,2016-06-21 12:31:48,6,173,12,1,0,0,0,1,"day"
"61","/Volumes/Seagate Backup Plus Drive/Reconyx_2016/Rankin 2016/Site 19/IMG_8265 (2).JPG",19,2016-07-06 18:50:27,7,188,18,1,0,0,0,0,"day"
"62","/Volumes/Seagate Backup Plus Drive/Reconyx_2016/Rankin 2016/Site 19/IMG_2381 (2).JPG",19,2016-07-02 14:40:15,7,184,14,1,0,0,0,0,"day"
"63","/Volumes/Seagate Backup Plus Drive/Reconyx_2016/Rankin 2016/Site 19/IMG_1472 (2).JPG",19,2016-07-07 16:02:59,7,189,16,1,0,0,0,0,"day"
"64","/Volumes/Seagate Backup Plus Drive/Reconyx_2016/Rankin 2016/Site 19/Post-hatch/IMG_0849 (4).JPG",19,2016-07-26 15:30:45,7,208,15,1,1,0,0,0,"day"
"65","/Volumes/Seagate Backup Plus Drive/Reconyx_2016/Rankin 2016/Site 19/Post-hatch/IMG_8277 (4).JPG",19,2016-07-24 18:09:54,7,206,18,1,1,0,0,0,"day"
"66","/Volumes/Seagate Backup Plus Drive/Reconyx_2016/Rankin 2016/Site 19/Post-hatch/IMG_2251 (3).JPG",19,2016-07-26 07:12:27,7,208,7,1,1,0,0,1,"day"
"67","/Volumes/Seagate Backup Plus Drive/Reconyx_2016/Rankin 2016/Site 19/2016-07-09 07-14-11 PM M 02_03.JPG",19,2016-07-09 13:14:11,7,191,13,0,0,0,0,1,"day"
"68","/Volumes/Seagate Backup Plus Drive/Reconyx_2016/Rankin 2016/Site 19/IMG_0915 (3).JPG",19,2016-07-01 15:13:54,7,183,15,1,0,0,0,1,"day"
"69","/Volumes/Seagate Backup Plus Drive/Reconyx_2016/Rankin 2016/Site 19/IMG_8301.JPG",19,2016-07-06 07:03:51,7,188,7,1,0,0,0,1,"day"
"70","/Volumes/Seagate Backup Plus Drive/Reconyx_2016/Rankin 2016/Site 19/IMG_4969 (2).JPG",19,2016-06-26 17:12:13,6,178,17,1,0,0,0,1,"day"
"71","/Volumes/Seagate Backup Plus Drive/Reconyx_2016/Rankin 2016/Site 23/Post-hatch/IMG_1106 (3).JPG",23,2016-08-06 08:08:18,8,219,8,0,3,0,0,0,"day"
"72","/Volumes/Seagate Backup Plus Drive/Reconyx_2016/Rankin 2016/Site 23/Post-hatch/2016-07-23 11-31-44.JPG",23,2016-07-23 07:31:44,7,205,7,0,1,0,0,0,"day"
"73","/Volumes/Seagate Backup Plus Drive/Reconyx_2016/Rankin 2016/Site 23/Post-hatch/IMG_1678.JPG",23,2016-07-26 15:27:42,7,208,15,0,3,0,0,0,"day"
"74","/Volumes/Seagate Backup Plus Drive/Reconyx_2016/Rankin 2016/Site 23/Post-hatch/2016-08-09 13-12-34.JPG",23,2016-08-09 09:12:34,8,222,9,0,2,0,0,0,"day"
"75","/Volumes/Seagate Backup Plus Drive/Reconyx_2016/Rankin 2016/Site 23/2016-07-07 15-14-54_001.JPG",23,2016-07-07 11:14:54,7,189,11,1,0,0,0,0,"day"
"76","/Volumes/Seagate Backup Plus Drive/Reconyx_2016/Rankin 2016/Site 23/Post-hatch/2016-08-11 05-56-36.JPG",23,2016-08-11 01:56:36,8,224,1,0,2,0,0,0,"night"
"77","/Volumes/Seagate Backup Plus Drive/Reconyx_2016/Rankin 2016/Site 23/Post-hatch/2016-07-23 07-58-38.JPG",23,2016-07-23 03:58:38,7,205,3,0,1,0,0,0,"night"
"78","/Volumes/Seagate Backup Plus Drive/Reconyx_2016/Rankin 2016/Site 23/Post-hatch/IMG_4428.JPG",23,2016-07-28 01:23:04,7,210,1,0,2,0,0,0,"night"
"79","/Volumes/Seagate Backup Plus Drive/Reconyx_2016/Rankin 2016/Site 23/Post-hatch/IMG_2242.JPG",23,2016-07-27 01:24:54,7,209,1,1,2,0,0,0,"night"
"80","/Volumes/Seagate Backup Plus Drive/Reconyx_2016/Rankin 2016/Site 23/Post-hatch/2016-08-08 05-32-22.JPG",23,2016-08-08 01:32:22,8,221,1,0,1,0,0,0,"night"
"81","/Volumes/Seagate Backup Plus Drive/Reconyx_2016/Rankin 2016/Site 23/2016-06-15 13-51-36.JPG",23,2016-06-15 09:51:36,6,167,9,1,0,0,0,3,"day"
"82","/Volumes/Seagate Backup Plus Drive/Reconyx_2016/Rankin 2016/Site 23/Post-hatch/2016-07-20 13-13-16.JPG",23,2016-07-20 09:13:16,7,202,9,1,1,0,0,1,"day"
"83","/Volumes/Seagate Backup Plus Drive/Reconyx_2016/Rankin 2016/Site 23/2016-06-19 15-52-56.JPG",23,2016-06-19 11:52:56,6,171,11,1,0,0,0,3,"day"
"84","/Volumes/Seagate Backup Plus Drive/Reconyx_2016/Rankin 2016/Site 23/2016-06-20 21-52-34_001.JPG",23,2016-06-20 17:52:34,6,172,17,1,1,0,0,3,"day"
"85","/Volumes/Seagate Backup Plus Drive/Reconyx_2016/Rankin 2016/Site 23/2016-06-15 12-02-16.JPG",23,2016-06-15 08:02:16,6,167,8,0,0,0,0,3,"day"
"86","/Volumes/Seagate Backup Plus Drive/Reconyx_2016/Rankin 2016/Site 23/2016-07-10 05-28-10_001.JPG",23,2016-07-10 01:28:10,7,192,1,1,0,0,0,4,"night"
"87","/Volumes/Seagate Backup Plus Drive/Reconyx_2016/Rankin 2016/Site 23/2016-06-21 07-59-36_001.JPG",23,2016-06-21 03:59:36,6,173,3,1,0,0,0,2,"night"
"88","/Volumes/Seagate Backup Plus Drive/Reconyx_2016/Rankin 2016/Site 23/2016-06-27 05-27-42_001.JPG",23,2016-06-27 01:27:42,6,179,1,1,0,0,0,2,"night"
"89","/Volumes/Seagate Backup Plus Drive/Reconyx_2016/Rankin 2016/Site 23/2016-07-09 07-58-52_001.JPG",23,2016-07-09 03:58:52,7,191,3,1,0,0,0,3,"night"
"90","/Volumes/Seagate Backup Plus Drive/Reconyx_2016/Rankin 2016/Site 23/2016-07-08 06-18-10.JPG",23,2016-07-08 02:18:10,7,190,2,0,0,0,0,3,"night"
"91","/Volumes/Seagate Backup Plus Drive/Reconyx_2016/Rankin 2016/Site 28/2016-07-08 12-57-59 PM M 02_03.JPG",28,2016-07-08 18:57:59,7,190,18,1,0,0,0,0,"day"
"92","/Volumes/Seagate Backup Plus Drive/Reconyx_2016/Rankin 2016/Site 28/IMG_3609 (2).JPG",28,2016-06-24 13:04:51,6,176,13,1,0,0,0,0,"day"
"93","/Volumes/Seagate Backup Plus Drive/Reconyx_2016/Rankin 2016/Site 28/IMG_8856.JPG",28,2016-06-26 14:54:34,6,178,14,1,0,0,0,0,"day"
"94","/Volumes/Seagate Backup Plus Drive/Reconyx_2016/Rankin 2016/Site 28/IMG_1431 (2).JPG",28,2016-06-24 18:09:13,6,176,18,1,0,0,0,0,"day"
"95","/Volumes/Seagate Backup Plus Drive/Reconyx_2016/Rankin 2016/Site 28/2016-07-10 05-59-42 AM M 03_03.JPG",28,2016-07-10 11:59:42,7,192,11,1,0,0,0,0,"day"
"96","/Volumes/Seagate Backup Plus Drive/Reconyx_2016/Rankin 2016/Site 28/2016-07-08 09-33-41 AM M 03_03.JPG",28,2016-07-08 15:33:41,7,190,15,1,0,0,0,3,"day"
"97","/Volumes/Seagate Backup Plus Drive/Reconyx_2016/Rankin 2016/Site 28/2016-07-09 02-16-24 PM M 03_03.JPG",28,2016-07-09 08:16:24,7,191,8,0,0,0,0,4,"day"
"98","/Volumes/Seagate Backup Plus Drive/Reconyx_2016/Rankin 2016/Site 28/2016-07-08 01-15-07 PM M 01_03.JPG",28,2016-07-08 07:15:07,7,190,7,1,0,0,0,3,"day"
"99","/Volumes/Seagate Backup Plus Drive/Reconyx_2016/Rankin 2016/Site 28/2016-07-09 11-03-05 AM M 02_03.JPG",28,2016-07-09 17:03:05,7,191,17,1,0,0,0,3,"day"
"100","/Volumes/Seagate Backup Plus Drive/Reconyx_2016/Rankin 2016/Site 28/2016-07-08 05-28-26 AM M 02_03.JPG",28,2016-07-08 11:28:26,7,190,11,1,0,0,0,1,"day"
"101","/Volumes/Seagate Backup Plus Drive/Reconyx_2016/Rankin 2016/Site 30/Post-hatch/2016-07-18 06-47-47 AM M 01_03.JPG",30,2016-07-18 12:47:47,7,200,12,0,3,0,0,0,"day"
"102","/Volumes/Seagate Backup Plus Drive/Reconyx_2016/Rankin 2016/Site 30/2016-07-10 11-00-54 AM M 03_03.JPG",30,2016-07-10 17:00:54,7,192,17,1,0,0,0,0,"day"
"103","/Volumes/Seagate Backup Plus Drive/Reconyx_2016/Rankin 2016/Site 30/Post-hatch/2016-07-17 12-45-27 PM M 02_03.JPG",30,2016-07-17 18:45:27,7,199,18,1,2,0,0,0,"day"
"104","/Volumes/Seagate Backup Plus Drive/Reconyx_2016/Rankin 2016/Site 30/Post-hatch/IMG_1660 (6).JPG",30,2016-08-01 18:07:28,8,214,18,0,3,0,0,0,"day"
"105","/Volumes/Seagate Backup Plus Drive/Reconyx_2016/Rankin 2016/Site 30/2016-07-09 01-40-37 PM M 03_03.JPG",30,2016-07-09 07:40:37,7,191,7,1,0,0,0,0,"day"
"106","/Volumes/Seagate Backup Plus Drive/Reconyx_2016/Rankin 2016/Site 30/IMG_1064 (2).JPG",30,2016-06-24 14:07:24,6,176,14,1,0,0,0,3,"day"
"107","/Volumes/Seagate Backup Plus Drive/Reconyx_2016/Rankin 2016/Site 30/IMG_6947 (2).JPG",30,2016-06-27 13:47:40,6,179,13,1,0,0,0,4,"day"
"108","/Volumes/Seagate Backup Plus Drive/Reconyx_2016/Rankin 2016/Site 30/2016-07-10 03-40-12 PM M 01_03.JPG",30,2016-07-10 09:40:12,7,192,9,1,0,0,0,1,"day"
"109","/Volumes/Seagate Backup Plus Drive/Reconyx_2016/Rankin 2016/Site 30/2016-07-09 11-16-43 AM M 01_03.JPG",30,2016-07-09 17:16:43,7,191,17,1,0,0,0,3,"day"
"110","/Volumes/Seagate Backup Plus Drive/Reconyx_2016/Rankin 2016/Site 30/2016-07-09 06-26-24 PM M 01_03.JPG",30,2016-07-09 12:26:24,7,191,12,1,0,0,0,3,"day"
"111","/Volumes/Seagate Backup Plus Drive/Reconyx_2016/Rankin 2016/Site 31/Post-hatch/2016-07-21 14-57-40.JPG",31,2016-07-21 10:57:40,7,203,10,1,1,0,1,0,"day"
"112","/Volumes/Seagate Backup Plus Drive/Reconyx_2016/Rankin 2016/Site 31/Post-hatch/IMG_0797.JPG",31,2016-07-29 11:52:22,7,211,11,0,2,0,0,0,"day"
"113","/Volumes/Seagate Backup Plus Drive/Reconyx_2016/Rankin 2016/Site 31/Post-hatch/2016-07-22 17-19-34_001.JPG",31,2016-07-22 13:19:34,7,204,13,1,0,0,0,0,"day"
"114","/Volumes/Seagate Backup Plus Drive/Reconyx_2016/Rankin 2016/Site 31/Post-hatch/2016-07-21 16-45-40.JPG",31,2016-07-21 12:45:40,7,203,12,1,0,0,0,0,"day"
"115","/Volumes/Seagate Backup Plus Drive/Reconyx_2016/Rankin 2016/Site 31/Post-hatch/2016-07-22 12-39-12_001.JPG",31,2016-07-22 08:39:12,7,204,8,1,0,0,0,0,"day"
"116","/Volumes/Seagate Backup Plus Drive/Reconyx_2016/Rankin 2016/Site 31/Post-hatch/IMG_0497 (3).JPG",31,2016-08-06 01:49:24,8,219,1,1,1,0,0,0,"night"
"117","/Volumes/Seagate Backup Plus Drive/Reconyx_2016/Rankin 2016/Site 31/Post-hatch/IMG_0134 (3).JPG",31,2016-07-29 03:30:28,7,211,3,1,1,0,1,0,"night"
"118","/Volumes/Seagate Backup Plus Drive/Reconyx_2016/Rankin 2016/Site 31/Post-hatch/IMG_0478 (3).JPG",31,2016-08-06 01:41:20,8,219,1,1,1,0,0,0,"night"
"119","/Volumes/Seagate Backup Plus Drive/Reconyx_2016/Rankin 2016/Site 31/Post-hatch/IMG_1874.JPG",31,2016-08-03 03:36:44,8,216,3,0,1,0,0,0,"night"
"120","/Volumes/Seagate Backup Plus Drive/Reconyx_2016/Rankin 2016/Site 31/Post-hatch/IMG_1662.JPG",31,2016-08-03 01:28:00,8,216,1,1,2,0,0,0,"night"
"121","/Volumes/Seagate Backup Plus Drive/Reconyx_2016/Rankin 2016/Site 31/Post-hatch/2016-07-20 20-16-56.JPG",31,2016-07-20 16:16:56,7,202,16,1,1,1,1,1,"day"
"122","/Volumes/Seagate Backup Plus Drive/Reconyx_2016/Rankin 2016/Site 31/Post-hatch/2016-07-22 11-16-58.JPG",31,2016-07-22 07:16:58,7,204,7,1,0,0,0,1,"day"
"123","/Volumes/Seagate Backup Plus Drive/Reconyx_2016/Rankin 2016/Site 31/Post-hatch/2016-07-20 11-25-06.JPG",31,2016-07-20 07:25:06,7,202,7,1,1,0,0,2,"day"
"124","/Volumes/Seagate Backup Plus Drive/Reconyx_2016/Rankin 2016/Site 31/Post-hatch/IMG_0231.JPG",31,2016-06-18 13:25:48,6,170,13,2,0,0,2,2,"day"
"125","/Volumes/Seagate Backup Plus Drive/Reconyx_2016/Rankin 2016/Site 31/Post-hatch/IMG_0567.JPG",31,2016-06-26 11:27:14,6,178,11,1,0,0,0,4,"day"
"126","/Volumes/Seagate Backup Plus Drive/Reconyx_2016/Rankin 2016/Site 31/Post-hatch/2016-07-20 05-23-32.JPG",31,2016-07-20 01:23:32,7,202,1,1,2,0,0,1,"night"
"127","/Volumes/Seagate Backup Plus Drive/Reconyx_2016/Rankin 2016/Site 31/Post-hatch/IMG_0527.JPG",31,2016-06-26 03:35:14,6,178,3,2,0,0,1,3,"night"
"128","/Volumes/Seagate Backup Plus Drive/Reconyx_2016/Rankin 2016/Site 31/Post-hatch/IMG_0324.JPG",31,2016-06-21 02:33:46,6,173,2,1,0,1,0,4,"night"
"129","/Volumes/Seagate Backup Plus Drive/Reconyx_2016/Rankin 2016/Site 31/Post-hatch/IMG_0523.JPG",31,2016-06-26 01:10:06,6,178,1,1,0,0,0,2,"night"
"130","/Volumes/Seagate Backup Plus Drive/Reconyx_2016/Rankin 2016/Site 31/Post-hatch/2016-07-21 07-41-36_001.JPG",31,2016-07-21 03:41:36,7,203,3,1,2,0,0,2,"night"
"131","/Volumes/Seagate Backup Plus Drive/Reconyx_2016/Rankin 2016/Site 35/Post-hatch/IMG_7059.JPG",35,2016-08-10 13:47:25,8,223,13,0,2,0,0,0,"day"
"132","/Volumes/Seagate Backup Plus Drive/Reconyx_2016/Rankin 2016/Site 35/Post-hatch/IMG_4092.JPG",35,2016-08-08 12:49:40,8,221,12,0,2,0,0,0,"day"
"133","/Volumes/Seagate Backup Plus Drive/Reconyx_2016/Rankin 2016/Site 35/Post-hatch/IMG_8057.JPG",35,2016-08-10 14:18:23,8,223,14,0,2,0,0,0,"day"
"134","/Volumes/Seagate Backup Plus Drive/Reconyx_2016/Rankin 2016/Site 35/Post-hatch/IMG_7314.JPG",35,2016-08-10 16:25:39,8,223,16,0,1,0,0,0,"day"
"135","/Volumes/Seagate Backup Plus Drive/Reconyx_2016/Rankin 2016/Site 35/Post-hatch/IMG_4499.JPG",35,2016-08-08 16:47:47,8,221,16,0,3,0,0,0,"day"
"136","/Volumes/Seagate Backup Plus Drive/Reconyx_2016/Rankin 2016/Site 35/Post-hatch/IMG_7166.JPG",35,2016-08-10 14:40:23,8,223,14,0,2,0,0,1,"day"
"137","/Volumes/Seagate Backup Plus Drive/Reconyx_2016/Rankin 2016/Site 37/Post-hatch/IMG_7501.JPG",37,2016-07-31 11:58:08,7,213,11,1,1,0,0,0,"day"
"138","/Volumes/Seagate Backup Plus Drive/Reconyx_2016/Rankin 2016/Site 37/Post-hatch/IMG_1490 (2).JPG",37,2016-08-08 16:33:48,8,221,16,0,1,0,0,0,"day"
"139","/Volumes/Seagate Backup Plus Drive/Reconyx_2016/Rankin 2016/Site 37/Post-hatch/IMG_2605 (2).JPG",37,2016-07-27 07:50:44,7,209,7,0,2,0,0,0,"day"
"140","/Volumes/Seagate Backup Plus Drive/Reconyx_2016/Rankin 2016/Site 37/Post-hatch/IMG_1335.JPG",37,2016-07-26 18:01:04,7,208,18,1,2,0,0,0,"day"
"141","/Volumes/Seagate Backup Plus Drive/Reconyx_2016/Rankin 2016/Site 37/Post-hatch/IMG_4820.JPG",37,2016-07-28 17:19:00,7,210,17,0,2,0,0,0,"day"
"142","/Volumes/Seagate Backup Plus Drive/Reconyx_2016/Rankin 2016/Site 37/Post-hatch/IMG_1963 (2).JPG",37,2016-07-27 01:04:32,7,209,1,0,2,0,0,0,"night"
"143","/Volumes/Seagate Backup Plus Drive/Reconyx_2016/Rankin 2016/Site 37/Post-hatch/IMG_3552.JPG",37,2016-08-12 03:24:22,8,225,3,0,2,0,0,0,"night"
"144","/Volumes/Seagate Backup Plus Drive/Reconyx_2016/Rankin 2016/Site 37/Post-hatch/IMG_0205 (2).JPG",37,2016-08-07 02:29:26,8,220,2,0,2,0,0,0,"night"
"145","/Volumes/Seagate Backup Plus Drive/Reconyx_2016/Rankin 2016/Site 37/Post-hatch/IMG_7902.JPG",37,2016-08-02 03:10:26,8,215,3,0,1,0,0,0,"night"
"146","/Volumes/Seagate Backup Plus Drive/Reconyx_2016/Rankin 2016/Site 37/Post-hatch/IMG_3425 (2).JPG",37,2016-08-12 01:19:04,8,225,1,1,1,0,0,0,"night"
"147","/Volumes/Seagate Backup Plus Drive/Reconyx_2016/Rankin 2016/Site 37/Post-hatch/IMG_0106 (2).JPG",37,2016-08-06 17:53:24,8,219,17,0,0,0,0,1,"day"
"148","/Volumes/Seagate Backup Plus Drive/Reconyx_2016/Rankin 2016/Site 37/Post-hatch/IMG_0133 (2).JPG",37,2016-08-06 17:58:04,8,219,17,0,0,0,0,1,"day"
"149","/Volumes/Seagate Backup Plus Drive/Reconyx_2016/Rankin 2016/Site 37/Post-hatch/IMG_2818 (2).JPG",37,2016-07-27 16:08:36,7,209,16,1,2,0,0,1,"day"
"150","/Volumes/Seagate Backup Plus Drive/Reconyx_2016/Rankin 2016/Site 37/Post-hatch/IMG_6341.JPG",37,2016-07-29 19:20:52,7,211,19,0,1,0,0,1,"day"
"151","/Volumes/Seagate Backup Plus Drive/Reconyx_2016/Rankin 2016/Site 37/Post-hatch/IMG_6325.JPG",37,2016-07-29 18:06:48,7,211,18,0,0,0,0,1,"day"
"152","/Volumes/Seagate Backup Plus Drive/Reconyx_2016/Rankin 2016/Site 37/Post-hatch/IMG_3570.JPG",37,2016-07-28 03:44:44,7,210,3,1,2,0,0,1,"night"
"153","/Volumes/Seagate Backup Plus Drive/Reconyx_2016/Rankin 2016/Site 37/Post-hatch/IMG_6541.JPG",37,2016-07-30 01:00:22,7,212,1,0,2,0,0,1,"night"
"154","/Volumes/Seagate Backup Plus Drive/Reconyx_2016/Rankin 2016/Site 37/Post-hatch/IMG_5471.JPG",37,2016-07-29 02:36:56,7,211,2,0,2,0,0,1,"night"
"155","/Volumes/Seagate Backup Plus Drive/Reconyx_2016/Rankin 2016/Site 37/Post-hatch/IMG_2908.JPG",37,2016-08-11 01:38:44,8,224,1,0,0,0,0,1,"night"
"156","/Volumes/Seagate Backup Plus Drive/Reconyx_2016/Rankin 2016/Site 37/Post-hatch/IMG_8638.JPG",37,2016-08-03 02:01:16,8,216,2,0,2,0,0,1,"night"
"157","/Volumes/Seagate Backup Plus Drive/Reconyx_2016/Rankin 2016/Site 41/Post-hatch/2016-07-20 20-09-04.JPG",41,2016-07-20 16:09:04,7,202,16,1,0,0,0,0,"day"
"158","/Volumes/Seagate Backup Plus Drive/Reconyx_2016/Rankin 2016/Site 41/Post-hatch/IMG_2472 (3).JPG",41,2016-07-30 13:07:52,7,212,13,0,3,0,0,0,"day"
"159","/Volumes/Seagate Backup Plus Drive/Reconyx_2016/Rankin 2016/Site 41/Post-hatch/2016-07-19 18-37-46.JPG",41,2016-07-19 14:37:46,7,201,14,1,2,0,0,0,"day"
"160","/Volumes/Seagate Backup Plus Drive/Reconyx_2016/Rankin 2016/Site 41/2016-07-06 19-00-00.JPG",41,2016-07-06 15:00:00,7,188,15,1,0,0,0,0,"day"
"161","/Volumes/Seagate Backup Plus Drive/Reconyx_2016/Rankin 2016/Site 41/2016-07-08 17-42-14.JPG",41,2016-07-08 13:42:14,7,190,13,1,0,0,0,0,"day"
"162","/Volumes/Seagate Backup Plus Drive/Reconyx_2016/Rankin 2016/Site 41/2016-07-08 06-25-08.JPG",41,2016-07-08 02:25:08,7,190,2,1,0,0,0,0,"night"
"163","/Volumes/Seagate Backup Plus Drive/Reconyx_2016/Rankin 2016/Site 41/Post-hatch/IMG_0119 (4).JPG",41,2016-08-05 02:27:20,8,218,2,0,3,0,0,0,"night"
"164","/Volumes/Seagate Backup Plus Drive/Reconyx_2016/Rankin 2016/Site 41/Post-hatch/IMG_8378.JPG",41,2016-07-23 01:49:28,7,205,1,1,1,0,0,0,"night"
"165","/Volumes/Seagate Backup Plus Drive/Reconyx_2016/Rankin 2016/Site 41/Post-hatch/IMG_4266.JPG",41,2016-07-21 03:56:12,7,203,3,1,0,0,0,0,"night"
"166","/Volumes/Seagate Backup Plus Drive/Reconyx_2016/Rankin 2016/Site 41/Post-hatch/IMG_1275 (5).JPG",41,2016-08-11 03:24:46,8,224,3,1,2,2,0,0,"night"
"167","/Volumes/Seagate Backup Plus Drive/Reconyx_2016/Rankin 2016/Site 41/2016-07-09 21-00-50.JPG",41,2016-07-09 17:00:50,7,191,17,1,0,0,0,2,"day"
"168","/Volumes/Seagate Backup Plus Drive/Reconyx_2016/Rankin 2016/Site 41/2016-07-10 18-33-52.JPG",41,2016-07-10 14:33:52,7,192,14,1,0,0,1,1,"day"
"169","/Volumes/Seagate Backup Plus Drive/Reconyx_2016/Rankin 2016/Site 41/2016-07-07 12-25-52_001.JPG",41,2016-07-07 08:25:52,7,189,8,1,0,0,0,2,"day"
"170","/Volumes/Seagate Backup Plus Drive/Reconyx_2016/Rankin 2016/Site 41/2016-07-12 21-54-48.JPG",41,2016-07-12 17:54:48,7,194,17,1,0,0,0,2,"day"
"171","/Volumes/Seagate Backup Plus Drive/Reconyx_2016/Rankin 2016/Site 41/2016-07-08 14-50-54.JPG",41,2016-07-08 10:50:54,7,190,10,1,0,0,0,2,"day"
"172","/Volumes/Seagate Backup Plus Drive/Reconyx_2016/Rankin 2016/Site 41/2016-07-13 06-40-32.JPG",41,2016-07-13 02:40:32,7,195,2,1,0,0,0,1,"night"
"173","/Volumes/Seagate Backup Plus Drive/Reconyx_2016/Rankin 2016/Site 41/2016-07-08 05-13-56_001.JPG",41,2016-07-08 01:13:56,7,190,1,1,0,0,0,2,"night"
"174","/Volumes/Seagate Backup Plus Drive/Reconyx_2016/Rankin 2016/Site 41/2016-07-13 06-03-32_001.JPG",41,2016-07-13 02:03:32,7,195,2,1,0,0,0,2,"night"
"175","/Volumes/Seagate Backup Plus Drive/Reconyx_2016/Rankin 2016/Site 41/2016-07-12 05-42-30_001.JPG",41,2016-07-12 01:42:30,7,194,1,1,0,0,0,2,"night"
"176","/Volumes/Seagate Backup Plus Drive/Reconyx_2016/Rankin 2016/Site 41/2016-07-08 05-13-44_001.JPG",41,2016-07-08 01:13:44,7,190,1,1,0,1,0,2,"night"
"177","/Volumes/Seagate Backup Plus Drive/Reconyx_2016/Rankin 2016/Site 42/Post-hatch/IMG_4641.JPG",42,2016-07-22 07:26:29,7,204,7,1,0,0,0,0,"day"
"178","/Volumes/Seagate Backup Plus Drive/Reconyx_2016/Rankin 2016/Site 42/Post-hatch/IMG_0193.JPG",42,2016-07-19 12:14:19,7,201,12,1,1,0,0,0,"day"
"179","/Volumes/Seagate Backup Plus Drive/Reconyx_2016/Rankin 2016/Site 42/Post-hatch/IMG_1037 (3).JPG",42,2016-07-31 17:04:09,7,213,17,0,2,0,0,0,"day"
"180","/Volumes/Seagate Backup Plus Drive/Reconyx_2016/Rankin 2016/Site 42/Post-hatch/IMG_0391.JPG",42,2016-07-19 16:32:24,7,201,16,1,0,0,0,0,"day"
"181","/Volumes/Seagate Backup Plus Drive/Reconyx_2016/Rankin 2016/Site 42/Post-hatch/IMG_2789.JPG",42,2016-07-21 11:53:38,7,203,11,1,0,0,0,0,"day"
"182","/Volumes/Seagate Backup Plus Drive/Reconyx_2016/Rankin 2016/Site 42/Post-hatch/IMG_0588.JPG",42,2016-07-20 18:47:18,7,202,18,1,0,0,0,1,"day"
"183","/Volumes/Seagate Backup Plus Drive/Reconyx_2016/Rankin 2016/Site 42/Post-hatch/IMG_0842.JPG",42,2016-07-20 13:22:03,7,202,13,0,0,0,0,1,"day"
"184","/Volumes/Seagate Backup Plus Drive/Reconyx_2016/Rankin 2016/Site 42/Post-hatch/IMG_2556 (2).JPG",42,2016-07-27 08:10:23,7,209,8,1,2,0,0,1,"day"
"185","/Volumes/Seagate Backup Plus Drive/Reconyx_2016/Rankin 2016/Site 42/Post-hatch/IMG_2554 (2).JPG",42,2016-07-27 08:10:17,7,209,8,1,2,0,0,1,"day"
"186","/Volumes/Seagate Backup Plus Drive/Reconyx_2016/Rankin 2016/Site 42/Post-hatch/IMG_0603.JPG",42,2016-07-20 07:05:59,7,202,7,1,0,0,0,1,"day"
"187","/Volumes/Seagate Backup Plus Drive/Reconyx_2016/Rankin 2016/Site 137/IMG_0122.JPG",47,2016-06-18 11:15:31,6,170,11,1,0,0,0,0,"day"
"188","/Volumes/Seagate Backup Plus Drive/Reconyx_2016/Rankin 2016/Site 137/IMG_0055.JPG",47,2016-06-13 08:46:42,6,165,8,1,0,0,0,0,"day"
"189","/Volumes/Seagate Backup Plus Drive/Reconyx_2016/Rankin 2016/Site 137/IMG_0144.JPG",47,2016-06-18 11:22:25,6,170,11,1,0,0,0,0,"day"
"190","/Volumes/Seagate Backup Plus Drive/Reconyx_2016/Rankin 2016/Site 137/IMG_0054.JPG",47,2016-06-13 08:41:51,6,165,8,1,0,0,0,0,"day"
"191","/Volumes/Seagate Backup Plus Drive/Reconyx_2016/Rankin 2016/Site 137/IMG_0098.JPG",47,2016-06-13 15:11:45,6,165,15,1,0,0,0,0,"day"
"192","/Volumes/Seagate Backup Plus Drive/Reconyx_2016/Rankin 2016/Site 137/IMG_0025.JPG",47,2016-06-12 09:27:32,6,164,9,1,0,0,0,1,"day"
"193","/Volumes/Seagate Backup Plus Drive/Reconyx_2016/Rankin 2016/Site 137/IMG_0010.JPG",47,2016-06-12 09:25:16,6,164,9,1,0,0,0,1,"day"
"194","/Volumes/Seagate Backup Plus Drive/Reconyx_2016/Rankin 2016/Site 137/IMG_0005.JPG",47,2016-06-12 09:24:22,6,164,9,1,0,0,0,1,"day"
"195","/Volumes/Seagate Backup Plus Drive/Reconyx_2016/Rankin 2016/Site 137/IMG_0114.JPG",47,2016-06-15 14:19:38,6,167,14,1,1,0,0,1,"day"
"196","/Volumes/Seagate Backup Plus Drive/Reconyx_2016/Rankin 2016/Site 137/IMG_0093.JPG",47,2016-06-13 14:02:47,6,165,14,1,0,0,1,1,"day"
"197","/Volumes/Seagate Backup Plus Drive/Reconyx_2016/Rankin 2016/Site 53/2016-07-09 02-10-25 AM M 03_03.JPG",53,2016-07-09 08:10:25,7,191,8,1,0,0,0,0,"day"
"198","/Volumes/Seagate Backup Plus Drive/Reconyx_2016/Rankin 2016/Site 53/Post-hatch/2016-07-18 04-25-18 PM M 03_03.JPG",53,2016-07-18 10:25:18,7,200,10,1,2,0,0,0,"day"
"199","/Volumes/Seagate Backup Plus Drive/Reconyx_2016/Rankin 2016/Site 53/Post-hatch/IMG_4416 (3).JPG",53,2016-08-06 16:55:49,8,219,16,0,3,0,0,0,"day"
"200","/Volumes/Seagate Backup Plus Drive/Reconyx_2016/Rankin 2016/Site 53/Post-hatch/IMG_0453 (3).JPG",53,2016-07-24 18:45:26,7,206,18,0,3,0,0,0,"day"
"201","/Volumes/Seagate Backup Plus Drive/Reconyx_2016/Rankin 2016/Site 53/Post-hatch/IMG_4811 (3).JPG",53,2016-08-09 12:22:14,8,222,12,0,1,0,0,0,"day"
"202","/Volumes/Seagate Backup Plus Drive/Reconyx_2016/Rankin 2016/Site 53/Post-hatch/2016-07-10 12-53-55 PM M 03_03.JPG",53,2016-07-10 18:53:55,7,192,18,1,1,0,0,1,"day"
"203","/Volumes/Seagate Backup Plus Drive/Reconyx_2016/Rankin 2016/Site 53/Post-hatch/2016-07-10 05-02-56 AM M 01_03.JPG",53,2016-07-10 11:02:56,7,192,11,1,0,0,0,3,"day"
"204","/Volumes/Seagate Backup Plus Drive/Reconyx_2016/Rankin 2016/Site 53/Post-hatch/2016-07-10 09-22-09 AM M 02_03.JPG",53,2016-07-10 15:22:09,7,192,15,1,0,0,0,1,"day"
"205","/Volumes/Seagate Backup Plus Drive/Reconyx_2016/Rankin 2016/Site 53/2016-07-08 05-10-25 PM M 01_03.JPG",53,2016-07-08 11:10:25,7,190,11,1,0,0,0,2,"day"
"206","/Volumes/Seagate Backup Plus Drive/Reconyx_2016/Rankin 2016/Site 53/IMG_3506.JPG",53,2016-06-25 10:12:12,6,177,10,1,0,0,0,3,"day"
"207","/Volumes/Seagate Backup Plus Drive/Reconyx_2016/Rankin 2016/Site 58/Post-hatch/IMG_2413 (8).JPG",58,2016-07-31 09:44:01,7,213,9,1,3,0,0,0,"day"
"208","/Volumes/Seagate Backup Plus Drive/Reconyx_2016/Rankin 2016/Site 58/Post-hatch/IMG_2486 (5).JPG",58,2016-07-21 14:51:48,7,203,14,1,1,0,0,0,"day"
"209","/Volumes/Seagate Backup Plus Drive/Reconyx_2016/Rankin 2016/Site 58/Post-hatch/IMG_0240 (11).JPG",58,2016-08-05 09:42:30,8,218,9,1,3,0,0,0,"day"
"210","/Volumes/Seagate Backup Plus Drive/Reconyx_2016/Rankin 2016/Site 58/Post-hatch/IMG_4604 (4).JPG",58,2016-08-01 09:59:50,8,214,9,1,3,0,0,0,"day"
"211","/Volumes/Seagate Backup Plus Drive/Reconyx_2016/Rankin 2016/Site 58/Post-hatch/IMG_4513 (4).JPG",58,2016-08-01 08:16:26,8,214,8,1,2,0,0,0,"day"
"212","/Volumes/Seagate Backup Plus Drive/Reconyx_2016/Rankin 2016/Site 58/IMG_4491.JPG",58,2016-06-11 10:17:48,6,163,10,0,0,0,0,2,"day"
"213","/Volumes/Seagate Backup Plus Drive/Reconyx_2016/Rankin 2016/Site 58/IMG_2291.JPG",58,2016-06-18 14:08:05,6,170,14,1,0,0,0,1,"day"
"214","/Volumes/Seagate Backup Plus Drive/Reconyx_2016/Rankin 2016/Site 58/IMG_7105.JPG",58,2016-06-13 12:44:24,6,165,12,1,0,0,0,2,"day"
"215","/Volumes/Seagate Backup Plus Drive/Reconyx_2016/Rankin 2016/Site 58/2016-07-08 11-23-01 PM M 02_03.JPG",58,2016-07-08 17:23:01,7,190,17,1,1,0,0,1,"day"
"216","/Volumes/Seagate Backup Plus Drive/Reconyx_2016/Rankin 2016/Site 58/IMG_6103.JPG",58,2016-06-12 07:47:46,6,164,7,0,0,0,0,2,"day"
"217","/Volumes/Seagate Backup Plus Drive/Reconyx_2016/Rankin 2016/Site 59/Post-hatch/IMG_3332.JPG",59,2016-07-23 19:35:42,7,205,19,1,1,0,0,0,"day"
"218","/Volumes/Seagate Backup Plus Drive/Reconyx_2016/Rankin 2016/Site 59/Post-hatch/IMG_1614.JPG",59,2016-07-22 19:53:46,7,204,19,1,2,0,0,0,"day"
"219","/Volumes/Seagate Backup Plus Drive/Reconyx_2016/Rankin 2016/Site 59/Post-hatch/IMG_1199.JPG",59,2016-07-22 15:05:38,7,204,15,1,1,0,0,0,"day"
"220","/Volumes/Seagate Backup Plus Drive/Reconyx_2016/Rankin 2016/Site 59/Post-hatch/IMG_3217 (2).JPG",59,2016-08-08 17:54:12,8,221,17,0,3,0,0,0,"day"
"221","/Volumes/Seagate Backup Plus Drive/Reconyx_2016/Rankin 2016/Site 59/Post-hatch/IMG_5297.JPG",59,2016-07-24 09:18:14,7,206,9,1,2,0,0,0,"day"
"222","/Volumes/Seagate Backup Plus Drive/Reconyx_2016/Rankin 2016/Site 59/Post-hatch/IMG_2320.JPG",59,2016-07-23 02:42:24,7,205,2,1,2,0,0,0,"night"
"223","/Volumes/Seagate Backup Plus Drive/Reconyx_2016/Rankin 2016/Site 59/Post-hatch/IMG_2109.JPG",59,2016-07-23 01:28:46,7,205,1,1,4,0,0,0,"night"
"224","/Volumes/Seagate Backup Plus Drive/Reconyx_2016/Rankin 2016/Site 59/Post-hatch/IMG_2008 (3).JPG",59,2016-08-04 01:17:54,8,217,1,1,3,1,0,0,"night"
"225","/Volumes/Seagate Backup Plus Drive/Reconyx_2016/Rankin 2016/Site 59/Post-hatch/IMG_2283.JPG",59,2016-07-23 02:30:08,7,205,2,1,2,0,0,0,"night"
"226","/Volumes/Seagate Backup Plus Drive/Reconyx_2016/Rankin 2016/Site 59/Post-hatch/IMG_2306.JPG",59,2016-07-23 02:36:42,7,205,2,1,2,0,0,0,"night"
"227","/Volumes/Seagate Backup Plus Drive/Reconyx_2016/Rankin 2016/Site 59/Post-hatch/IMG_0014 (5).JPG",59,2016-08-09 08:25:00,8,222,8,0,0,0,0,1,"day"
"228","/Volumes/Seagate Backup Plus Drive/Reconyx_2016/Rankin 2016/Site 59/Post-hatch/IMG_1351 (5).JPG",59,2016-08-10 11:19:32,8,223,11,0,2,0,0,1,"day"
"229","/Volumes/Seagate Backup Plus Drive/Reconyx_2016/Rankin 2016/Site 59/Post-hatch/IMG_1892 (2).JPG",59,2016-07-29 07:13:50,7,211,7,0,3,0,0,1,"day"
"230","/Volumes/Seagate Backup Plus Drive/Reconyx_2016/Rankin 2016/Site 59/Post-hatch/IMG_4754 (2).JPG",59,2016-08-13 14:40:00,8,226,14,0,0,0,0,1,"day"
"231","/Volumes/Seagate Backup Plus Drive/Reconyx_2016/Rankin 2016/Site 59/Post-hatch/IMG_4069 (2).JPG",59,2016-08-12 09:56:08,8,225,9,0,1,0,0,1,"day"
"232","/Volumes/Seagate Backup Plus Drive/Reconyx_2016/Rankin 2016/Site 59/Post-hatch/IMG_2581 (2).JPG",59,2016-08-05 01:57:40,8,218,1,0,2,0,0,1,"night"
"233","/Volumes/Seagate Backup Plus Drive/Reconyx_2016/Rankin 2016/Site 59/Post-hatch/IMG_4489 (2).JPG",59,2016-08-13 01:29:44,8,226,1,0,0,0,0,1,"night"
"234","/Volumes/Seagate Backup Plus Drive/Reconyx_2016/Rankin 2016/Site 59/Post-hatch/IMG_1582 (2).JPG",59,2016-07-29 01:37:12,7,211,1,1,0,0,0,1,"night"
"235","/Volumes/Seagate Backup Plus Drive/Reconyx_2016/Rankin 2016/Site 59/Post-hatch/IMG_3580 (2).JPG",59,2016-08-09 02:19:58,8,222,2,0,1,0,0,1,"night"
"236","/Volumes/Seagate Backup Plus Drive/Reconyx_2016/Rankin 2016/Site 59/Post-hatch/IMG_1757 (4).JPG",59,2016-08-07 02:29:24,8,220,2,0,2,0,0,1,"night"
"237","/Volumes/Seagate Backup Plus Drive/Reconyx_2016/Rankin 2016/Site 63/IMG_4930.JPG",63,2016-06-13 14:58:27,6,165,14,1,0,0,0,0,"day"
"238","/Volumes/Seagate Backup Plus Drive/Reconyx_2016/Rankin 2016/Site 63/IMG_2559 (3).JPG",63,2016-07-09 13:48:23,7,191,13,1,0,0,0,0,"day"
"239","/Volumes/Seagate Backup Plus Drive/Reconyx_2016/Rankin 2016/Site 63/Post-hatch/2016-07-14 12-09-17 PM M 02_03.JPG",63,2016-07-14 18:09:17,7,196,18,1,0,0,0,0,"day"
"240","/Volumes/Seagate Backup Plus Drive/Reconyx_2016/Rankin 2016/Site 63/IMG_5592 (3).JPG",63,2016-07-09 14:35:15,7,191,14,1,0,0,0,0,"day"
"241","/Volumes/Seagate Backup Plus Drive/Reconyx_2016/Rankin 2016/Site 63/IMG_9266.JPG",63,2016-06-15 07:22:30,6,167,7,1,0,0,0,0,"day"
"242","/Volumes/Seagate Backup Plus Drive/Reconyx_2016/Rankin 2016/Site 63/Post-hatch/IMG_6468 (4).JPG",63,2016-07-24 14:25:31,7,206,14,0,1,0,0,1,"day"
"243","/Volumes/Seagate Backup Plus Drive/Reconyx_2016/Rankin 2016/Site 63/Post-hatch/IMG_8852 (5).JPG",63,2016-07-26 17:37:46,7,208,17,0,2,0,0,1,"day"
"244","/Volumes/Seagate Backup Plus Drive/Reconyx_2016/Rankin 2016/Site 63/Post-hatch/2016-07-16 11-10-01 AM M 02_03.JPG",63,2016-07-16 17:10:01,7,198,17,0,2,0,0,1,"day"
"245","/Volumes/Seagate Backup Plus Drive/Reconyx_2016/Rankin 2016/Site 63/Post-hatch/2016-07-19 07-12-24 PM M 02_03.JPG",63,2016-07-19 13:12:24,7,201,13,0,3,0,0,1,"day"
"246","/Volumes/Seagate Backup Plus Drive/Reconyx_2016/Rankin 2016/Site 63/Post-hatch/2016-07-20 04-07-26 AM M 03_03.JPG",63,2016-07-20 10:07:26,7,202,10,0,3,0,0,1,"day"
"247","/Volumes/Seagate Backup Plus Drive/Reconyx_2016/Rankin 2016/Site 75/Post-hatch/IMG_6530 (3).JPG",75,2016-07-08 14:12:59,7,190,14,1,0,0,0,0,"day"
"248","/Volumes/Seagate Backup Plus Drive/Reconyx_2016/Rankin 2016/Site 75/Post-hatch/2016-07-19 01-41-17 AM M 02_03.JPG",75,2016-07-19 07:41:17,7,201,7,1,1,0,0,0,"day"
"249","/Volumes/Seagate Backup Plus Drive/Reconyx_2016/Rankin 2016/Site 75/IMG_5309.JPG",75,2016-06-25 11:10:09,6,177,11,1,0,0,0,0,"day"
"250","/Volumes/Seagate Backup Plus Drive/Reconyx_2016/Rankin 2016/Site 75/Post-hatch/IMG_6175 (3).JPG",75,2016-07-08 12:52:23,7,190,12,1,0,0,0,0,"day"
"251","/Volumes/Seagate Backup Plus Drive/Reconyx_2016/Rankin 2016/Site 75/Post-hatch/2016-07-17 04-28-26 PM M 01_03.JPG",75,2016-07-17 10:28:26,7,199,10,1,2,0,1,0,"day"
"252","/Volumes/Seagate Backup Plus Drive/Reconyx_2016/Rankin 2016/Site 75/IMG_2850 (4).JPG",75,2016-07-07 18:19:46,7,189,18,1,2,0,0,2,"day"
"253","/Volumes/Seagate Backup Plus Drive/Reconyx_2016/Rankin 2016/Site 75/IMG_4417.JPG",75,2016-06-24 08:04:53,6,176,8,1,0,0,0,2,"day"
"254","/Volumes/Seagate Backup Plus Drive/Reconyx_2016/Rankin 2016/Site 75/IMG_3047 (2).JPG",75,2016-06-23 12:49:54,6,175,12,1,0,0,0,3,"day"
"255","/Volumes/Seagate Backup Plus Drive/Reconyx_2016/Rankin 2016/Site 75/IMG_0023 (3).JPG",75,2016-06-21 07:57:07,6,173,7,1,0,0,0,4,"day"
"256","/Volumes/Seagate Backup Plus Drive/Reconyx_2016/Rankin 2016/Site 75/IMG_4446 (3).JPG",75,2016-07-08 15:26:31,7,190,15,1,1,0,0,1,"day"
"257","/Volumes/Seagate Backup Plus Drive/Reconyx_2016/Rankin 2016/Site 77/Post-hatch/2016-07-12 03-19-44 PM M 03_03.JPG",77,2016-07-12 09:19:44,7,194,9,1,0,0,0,0,"day"
"258","/Volumes/Seagate Backup Plus Drive/Reconyx_2016/Rankin 2016/Site 77/Post-hatch/IMG_0190 (13).JPG",77,2016-08-07 15:24:47,8,220,15,0,1,0,0,0,"day"
"259","/Volumes/Seagate Backup Plus Drive/Reconyx_2016/Rankin 2016/Site 77/IMG_4478 (6).JPG",77,2016-07-03 11:19:56,7,185,11,1,0,0,0,0,"day"
"260","/Volumes/Seagate Backup Plus Drive/Reconyx_2016/Rankin 2016/Site 77/Post-hatch/2016-07-14 03-46-41 AM M 02_03.JPG",77,2016-07-14 09:46:41,7,196,9,1,0,0,0,0,"day"
"261","/Volumes/Seagate Backup Plus Drive/Reconyx_2016/Rankin 2016/Site 77/IMG_8249 (3).JPG",77,2016-06-18 13:39:22,6,170,13,1,0,0,0,0,"day"
"262","/Volumes/Seagate Backup Plus Drive/Reconyx_2016/Rankin 2016/Site 77/IMG_3136 (5).JPG",77,2016-07-07 13:58:53,7,189,13,1,0,0,0,2,"day"
"263","/Volumes/Seagate Backup Plus Drive/Reconyx_2016/Rankin 2016/Site 77/Post-hatch/2016-07-16 06-17-27 AM M 02_03.JPG",77,2016-07-16 12:17:27,7,198,12,1,0,0,0,1,"day"
"264","/Volumes/Seagate Backup Plus Drive/Reconyx_2016/Rankin 2016/Site 77/IMG_4651 (4).JPG",77,2016-06-21 07:36:36,6,173,7,1,0,0,0,4,"day"
"265","/Volumes/Seagate Backup Plus Drive/Reconyx_2016/Rankin 2016/Site 77/IMG_1110 (5).JPG",77,2016-07-07 15:38:29,7,189,15,1,0,0,0,3,"day"
"266","/Volumes/Seagate Backup Plus Drive/Reconyx_2016/Rankin 2016/Site 77/IMG_4912 (4).JPG",77,2016-06-21 08:33:46,6,173,8,1,0,0,0,4,"day"
"267","/Volumes/Seagate Backup Plus Drive/Reconyx_2016/Rankin 2016/Site 78/Post-hatch/IMG_3482.JPG",78,2016-07-28 15:52:26,7,210,15,0,3,0,0,0,"day"
"268","/Volumes/Seagate Backup Plus Drive/Reconyx_2016/Rankin 2016/Site 78/Post-hatch/IMG_5339 (8).JPG",78,2016-08-09 17:10:38,8,222,17,0,1,0,0,0,"day"
"269","/Volumes/Seagate Backup Plus Drive/Reconyx_2016/Rankin 2016/Site 78/Post-hatch/2016-07-17 06-19-22 AM M 03_03.JPG",78,2016-07-17 12:19:22,7,199,12,1,1,0,0,0,"day"
"270","/Volumes/Seagate Backup Plus Drive/Reconyx_2016/Rankin 2016/Site 78/Post-hatch/IMG_6902 (7).JPG",78,2016-08-10 13:35:47,8,223,13,0,1,0,0,0,"day"
"271","/Volumes/Seagate Backup Plus Drive/Reconyx_2016/Rankin 2016/Site 78/Post-hatch/2016-07-17 04-27-20 AM M 01_03.JPG",78,2016-07-17 10:27:20,7,199,10,1,3,0,0,0,"day"
"272","/Volumes/Seagate Backup Plus Drive/Reconyx_2016/Rankin 2016/Site 78/Post-hatch/IMG_4233.JPG",78,2016-07-29 09:50:17,7,211,9,0,1,0,0,1,"day"
"273","/Volumes/Seagate Backup Plus Drive/Reconyx_2016/Rankin 2016/Site 78/Post-hatch/2016-07-16 10-04-53 PM M 01_03.JPG",78,2016-07-16 16:04:53,7,198,16,1,3,0,0,1,"day"
"274","/Volumes/Seagate Backup Plus Drive/Reconyx_2016/Rankin 2016/Site 78/Post-hatch/IMG_3675.JPG",78,2016-07-28 16:31:17,7,210,16,0,0,0,0,1,"day"
"275","/Volumes/Seagate Backup Plus Drive/Reconyx_2016/Rankin 2016/Site 78/Post-hatch/IMG_3621.JPG",78,2016-07-28 16:12:47,7,210,16,0,0,0,0,2,"day"
"276","/Volumes/Seagate Backup Plus Drive/Reconyx_2016/Rankin 2016/Site 78/Post-hatch/IMG_5989.JPG",78,2016-07-29 16:28:55,7,211,16,0,3,0,0,1,"day"
"277","/Volumes/Seagate Backup Plus Drive/Reconyx_2016/Rankin 2016/Site 85/Post-hatch/IMG_5874 (4).JPG",85,2016-07-26 10:47:29,7,208,10,0,3,0,0,0,"day"
"278","/Volumes/Seagate Backup Plus Drive/Reconyx_2016/Rankin 2016/Site 85/Post-hatch/2016-07-14 10-41-34 AM M 03_03.JPG",85,2016-07-14 16:41:34,7,196,16,1,0,0,0,0,"day"
"279","/Volumes/Seagate Backup Plus Drive/Reconyx_2016/Rankin 2016/Site 85/Post-hatch/IMG_5815.JPG",85,2016-07-30 12:08:29,7,212,12,0,2,0,0,0,"day"
"280","/Volumes/Seagate Backup Plus Drive/Reconyx_2016/Rankin 2016/Site 97/Post-hatch/2016-08-10 05-02-13 AM M 01_03.JPG",85,2016-08-10 11:02:13,8,223,11,0,3,0,0,0,"day"
"281","/Volumes/Seagate Backup Plus Drive/Reconyx_2016/Rankin 2016/Site 75/Post-hatch/IMG_5505 (6).JPG",85,2016-07-28 16:37:30,7,210,16,0,1,0,0,0,"day"
"282","/Volumes/Seagate Backup Plus Drive/Reconyx_2016/Rankin 2016/Site 85/IMG_0760 (5).JPG",85,2016-07-02 09:10:17,7,184,9,1,0,0,0,3,"day"
"283","/Volumes/Seagate Backup Plus Drive/Reconyx_2016/Rankin 2016/Site 77/IMG_1715 (2).JPG",85,2016-06-08 18:00:46,6,160,18,1,0,0,0,1,"day"
"284","/Volumes/Seagate Backup Plus Drive/Reconyx_2016/Rankin 2016/Site 77/IMG_1369.JPG",85,2016-06-10 17:05:57,6,162,17,1,0,0,0,2,"day"
"285","/Volumes/Seagate Backup Plus Drive/Reconyx_2016/Rankin 2016/Site 85/IMG_5223 (3).JPG",85,2016-07-06 13:37:50,7,188,13,1,0,0,0,1,"day"
"286","/Volumes/Seagate Backup Plus Drive/Reconyx_2016/Rankin 2016/Site 77/IMG_6453.JPG",85,2016-06-09 07:29:50,6,161,7,0,0,0,0,2,"day"
"287","/Volumes/Seagate Backup Plus Drive/Reconyx_2016/Rankin 2016/Site 89/Post-hatch/2016-07-22 14-57-26_001.JPG",89,2016-07-22 10:57:26,7,204,10,1,0,0,0,0,"day"
"288","/Volumes/Seagate Backup Plus Drive/Reconyx_2016/Rankin 2016/Site 89/Post-hatch/2016-07-22 12-57-04.JPG",89,2016-07-22 08:57:04,7,204,8,1,0,0,0,0,"day"
"289","/Volumes/Seagate Backup Plus Drive/Reconyx_2016/Rankin 2016/Site 89/Post-hatch/IMG_3009 (4).JPG",89,2016-08-08 10:23:04,8,221,10,0,2,0,0,0,"day"
"290","/Volumes/Seagate Backup Plus Drive/Reconyx_2016/Rankin 2016/Site 89/Post-hatch/2016-07-22 20-15-04_001.JPG",89,2016-07-22 16:15:04,7,204,16,1,1,0,0,0,"day"
"291","/Volumes/Seagate Backup Plus Drive/Reconyx_2016/Rankin 2016/Site 89/Post-hatch/IMG_1804 (4).JPG",89,2016-08-07 07:52:40,8,220,7,0,2,0,0,0,"day"
"292","/Volumes/Seagate Backup Plus Drive/Reconyx_2016/Rankin 2016/Site 89/Post-hatch/IMG_9485.JPG",89,2016-08-10 01:39:36,8,223,1,0,2,0,0,0,"night"
"293","/Volumes/Seagate Backup Plus Drive/Reconyx_2016/Rankin 2016/Site 89/Post-hatch/IMG_9583.JPG",89,2016-08-10 02:10:42,8,223,2,0,2,0,0,0,"night"
"294","/Volumes/Seagate Backup Plus Drive/Reconyx_2016/Rankin 2016/Site 89/Post-hatch/IMG_1231 (9).JPG",89,2016-08-16 01:24:20,8,229,1,0,2,0,0,0,"night"
"295","/Volumes/Seagate Backup Plus Drive/Reconyx_2016/Rankin 2016/Site 89/Post-hatch/IMG_2201 (5).JPG",89,2016-08-12 01:20:06,8,225,1,0,1,0,0,0,"night"
"296","/Volumes/Seagate Backup Plus Drive/Reconyx_2016/Rankin 2016/Site 89/Post-hatch/2016-07-19 05-49-42.JPG",89,2016-07-19 01:49:42,7,201,1,1,0,0,0,0,"night"
"297","/Volumes/Seagate Backup Plus Drive/Reconyx_2016/Rankin 2016/Site 89/Post-hatch/2016-07-22 14-23-44.JPG",89,2016-07-22 10:23:44,7,204,10,1,1,0,0,1,"day"
"298","/Volumes/Seagate Backup Plus Drive/Reconyx_2016/Rankin 2016/Site 89/2016-07-16 16-38-44.JPG",89,2016-07-16 12:38:44,7,198,12,1,1,1,0,3,"day"
"299","/Volumes/Seagate Backup Plus Drive/Reconyx_2016/Rankin 2016/Site 89/2016-07-13 15-16-02.JPG",89,2016-07-13 11:16:02,7,195,11,1,0,0,1,3,"day"
"300","/Volumes/Seagate Backup Plus Drive/Reconyx_2016/Rankin 2016/Site 89/2016-07-15 15-03-20.JPG",89,2016-07-15 11:03:20,7,197,11,1,0,0,0,2,"day"
"301","/Volumes/Seagate Backup Plus Drive/Reconyx_2016/Rankin 2016/Site 89/IMG_0404 (2).JPG",89,2016-06-24 09:39:42,6,176,9,1,0,0,1,3,"day"
"302","/Volumes/Seagate Backup Plus Drive/Reconyx_2016/Rankin 2016/Site 89/2016-07-15 07-22-10.JPG",89,2016-07-15 03:22:10,7,197,3,1,0,0,0,2,"night"
"303","/Volumes/Seagate Backup Plus Drive/Reconyx_2016/Rankin 2016/Site 89/2016-07-15 07-22-08.JPG",89,2016-07-15 03:22:08,7,197,3,1,0,0,0,2,"night"
"304","/Volumes/Seagate Backup Plus Drive/Reconyx_2016/Rankin 2016/Site 89/2016-07-17 07-32-56.JPG",89,2016-07-17 03:32:56,7,199,3,1,0,0,0,1,"night"
"305","/Volumes/Seagate Backup Plus Drive/Reconyx_2016/Rankin 2016/Site 89/2016-07-16 06-26-48.JPG",89,2016-07-16 02:26:48,7,198,2,1,0,0,0,1,"night"
"306","/Volumes/Seagate Backup Plus Drive/Reconyx_2016/Rankin 2016/Site 89/2016-07-16 05-17-10_001.JPG",89,2016-07-16 01:17:10,7,198,1,1,0,0,0,2,"night"
"307","/Volumes/Seagate Backup Plus Drive/Reconyx_2016/Rankin 2016/Site 95/Post-hatch/2016-07-15 18-33-52.JPG",95,2016-07-15 14:33:52,7,197,14,1,3,0,0,0,"day"
"308","/Volumes/Seagate Backup Plus Drive/Reconyx_2016/Rankin 2016/Site 95/Post-hatch/2016-07-12 16-18-36.JPG",95,2016-07-12 12:18:36,7,194,12,1,1,0,0,0,"day"
"309","/Volumes/Seagate Backup Plus Drive/Reconyx_2016/Rankin 2016/Site 95/IMG_4264 (2).JPG",95,2016-07-02 12:02:56,7,184,12,1,0,0,0,0,"day"
"310","/Volumes/Seagate Backup Plus Drive/Reconyx_2016/Rankin 2016/Site 95/Post-hatch/2016-07-14 23-03-32_001.JPG",95,2016-07-14 19:03:32,7,196,19,1,0,0,0,0,"day"
"311","/Volumes/Seagate Backup Plus Drive/Reconyx_2016/Rankin 2016/Site 95/Post-hatch/2016-07-13 15-08-42_001.JPG",95,2016-07-13 11:08:42,7,195,11,1,1,0,0,0,"day"
"312","/Volumes/Seagate Backup Plus Drive/Reconyx_2016/Rankin 2016/Site 95/Post-hatch/2016-07-16 07-37-02.JPG",95,2016-07-16 03:37:02,7,198,3,1,1,0,0,0,"night"
"313","/Volumes/Seagate Backup Plus Drive/Reconyx_2016/Rankin 2016/Site 95/Post-hatch/2016-07-16 05-47-16_001.JPG",95,2016-07-16 01:47:16,7,198,1,1,1,0,0,0,"night"
"314","/Volumes/Seagate Backup Plus Drive/Reconyx_2016/Rankin 2016/Site 95/Post-hatch/2016-07-14 07-20-26_001.JPG",95,2016-07-14 03:20:26,7,196,3,1,0,0,0,0,"night"
"315","/Volumes/Seagate Backup Plus Drive/Reconyx_2016/Rankin 2016/Site 95/IMG_6190.JPG",95,2016-07-03 01:58:30,7,185,1,1,0,0,0,0,"night"
"316","/Volumes/Seagate Backup Plus Drive/Reconyx_2016/Rankin 2016/Site 95/Post-hatch/2016-07-14 07-35-56.JPG",95,2016-07-14 03:35:56,7,196,3,1,2,0,0,0,"night"
"317","/Volumes/Seagate Backup Plus Drive/Reconyx_2016/Rankin 2016/Site 95/Post-hatch/2016-07-11 17-43-46_001.JPG",95,2016-07-11 13:43:46,7,193,13,1,0,0,0,1,"day"
"318","/Volumes/Seagate Backup Plus Drive/Reconyx_2016/Rankin 2016/Site 95/IMG_3069.JPG",95,2016-06-16 10:47:18,6,168,10,1,0,0,0,3,"day"
"319","/Volumes/Seagate Backup Plus Drive/Reconyx_2016/Rankin 2016/Site 95/IMG_0482.JPG",95,2016-06-14 18:12:04,6,166,18,1,0,0,0,2,"day"
"320","/Volumes/Seagate Backup Plus Drive/Reconyx_2016/Rankin 2016/Site 95/IMG_1585 (2).JPG",95,2016-07-01 13:52:06,7,183,13,1,0,0,0,1,"day"
"321","/Volumes/Seagate Backup Plus Drive/Reconyx_2016/Rankin 2016/Site 95/IMG_3603.JPG",95,2016-06-17 09:02:06,6,169,9,1,0,0,0,1,"day"
"322","/Volumes/Seagate Backup Plus Drive/Reconyx_2016/Rankin 2016/Site 95/IMG_2885.JPG",95,2016-06-16 02:59:44,6,168,2,1,0,0,0,1,"night"
"323","/Volumes/Seagate Backup Plus Drive/Reconyx_2016/Rankin 2016/Site 95/IMG_3052 (3).JPG",95,2016-07-05 02:11:02,7,187,2,1,0,0,0,1,"night"
"324","/Volumes/Seagate Backup Plus Drive/Reconyx_2016/Rankin 2016/Site 95/IMG_4146.JPG",95,2016-06-19 02:57:54,6,171,2,1,1,0,0,1,"night"
"325","/Volumes/Seagate Backup Plus Drive/Reconyx_2016/Rankin 2016/Site 95/IMG_2865.JPG",95,2016-06-16 02:40:22,6,168,2,1,2,0,0,3,"night"
"326","/Volumes/Seagate Backup Plus Drive/Reconyx_2016/Rankin 2016/Site 95/IMG_2261 (2).JPG",95,2016-07-02 03:41:44,7,184,3,1,0,0,0,3,"night"
"327","/Volumes/Seagate Backup Plus Drive/Reconyx_2016/Rankin 2016/Site 97/2016-07-09 12-23-35 PM M 01_03.JPG",97,2016-07-09 18:23:35,7,191,18,1,0,0,0,0,"day"
"328","/Volumes/Seagate Backup Plus Drive/Reconyx_2016/Rankin 2016/Site 97/Post-hatch/IMG_5421 (2).JPG",97,2016-07-25 12:00:53,7,207,12,1,3,0,0,0,"day"
"329","/Volumes/Seagate Backup Plus Drive/Reconyx_2016/Rankin 2016/Site 97/2016-07-09 02-24-41 PM M 03_03.JPG",97,2016-07-09 08:24:41,7,191,8,1,0,0,0,0,"day"
"330","/Volumes/Seagate Backup Plus Drive/Reconyx_2016/Rankin 2016/Site 97/2016-07-12 10-45-19 AM M 01_03.JPG",97,2016-07-12 16:45:19,7,194,16,1,0,0,0,0,"day"
"331","/Volumes/Seagate Backup Plus Drive/Reconyx_2016/Rankin 2016/Site 97/Post-hatch/IMG_4424 (3).JPG",97,2016-07-27 16:24:00,7,209,16,0,2,0,0,0,"day"
"332","/Volumes/Seagate Backup Plus Drive/Reconyx_2016/Rankin 2016/Site 97/2016-07-11 09-15-22 AM M 01_03.JPG",97,2016-07-11 15:15:22,7,193,15,1,0,0,0,3,"day"
"333","/Volumes/Seagate Backup Plus Drive/Reconyx_2016/Rankin 2016/Site 97/2016-07-11 07-25-50 PM M 01_03.JPG",97,2016-07-11 13:25:50,7,193,13,1,0,0,0,1,"day"
"334","/Volumes/Seagate Backup Plus Drive/Reconyx_2016/Rankin 2016/Site 97/2016-07-08 01-27-45 AM M 02_03.JPG",97,2016-07-08 07:27:45,7,190,7,1,1,0,0,1,"day"
"335","/Volumes/Seagate Backup Plus Drive/Reconyx_2016/Rankin 2016/Site 97/Post-hatch/2016-07-19 10-33-13 AM M 01_03.JPG",97,2016-07-19 16:33:13,7,201,16,1,0,0,0,1,"day"
"336","/Volumes/Seagate Backup Plus Drive/Reconyx_2016/Rankin 2016/Site 97/IMG_0204.JPG",97,2016-06-12 07:03:18,6,164,7,1,0,0,0,1,"day"
"337","/Volumes/Seagate Backup Plus Drive/Reconyx_2016/Rankin 2016/Site 98/IMG_7490.JPG",98,2016-06-22 17:05:41,6,174,17,1,0,0,0,0,"day"
"338","/Volumes/Seagate Backup Plus Drive/Reconyx_2016/Rankin 2016/Site 98/IMG_7491.JPG",98,2016-06-22 17:05:42,6,174,17,1,0,0,0,0,"day"
"339","/Volumes/Seagate Backup Plus Drive/Reconyx_2016/Rankin 2016/Site 100/Post-hatch/IMG_9856 (3).JPG",100,2016-07-26 17:42:40,7,208,17,0,3,0,0,0,"day"
"340","/Volumes/Seagate Backup Plus Drive/Reconyx_2016/Rankin 2016/Site 100/IMG_0118 (3).JPG",100,2016-06-22 15:18:49,6,174,15,1,0,0,0,0,"day"
"341","/Volumes/Seagate Backup Plus Drive/Reconyx_2016/Rankin 2016/Site 100/IMG_1812 (2).JPG",100,2016-06-10 18:32:02,6,162,18,1,0,0,0,0,"day"
"342","/Volumes/Seagate Backup Plus Drive/Reconyx_2016/Rankin 2016/Site 100/IMG_0008 (5).JPG",100,2016-07-01 17:13:59,7,183,17,1,0,0,0,0,"day"
"343","/Volumes/Seagate Backup Plus Drive/Reconyx_2016/Rankin 2016/Site 100/IMG_2738.JPG",100,2016-06-21 08:44:23,6,173,8,1,0,0,0,0,"day"
"344","/Volumes/Seagate Backup Plus Drive/Reconyx_2016/Rankin 2016/Site 100/Post-hatch/2016-07-10 06-16-00 PM M 02_03.JPG",100,2016-07-10 12:16:00,7,192,12,1,2,0,0,1,"day"
"345","/Volumes/Seagate Backup Plus Drive/Reconyx_2016/Rankin 2016/Site 100/IMG_1674 (4).JPG",100,2016-07-02 17:02:46,7,184,17,1,0,0,0,3,"day"
"346","/Volumes/Seagate Backup Plus Drive/Reconyx_2016/Rankin 2016/Site 100/IMG_5112 (3).JPG",100,2016-07-04 16:41:37,7,186,16,0,0,0,0,4,"day"
"347","/Volumes/Seagate Backup Plus Drive/Reconyx_2016/Rankin 2016/Site 100/Post-hatch/2016-07-13 04-27-11 PM M 01_03.JPG",100,2016-07-13 10:27:11,7,195,10,1,1,0,0,1,"day"
"348","/Volumes/Seagate Backup Plus Drive/Reconyx_2016/Rankin 2016/Site 100/IMG_0207.JPG",100,2016-06-16 15:49:45,6,168,15,1,0,0,0,1,"day"
"349","/Volumes/Seagate Backup Plus Drive/Reconyx_2016/Rankin 2016/Site 51/2016-07-09 01-44-55 PM M 01_03.JPG",105,2016-07-09 07:44:55,7,191,7,1,0,0,0,0,"day"
"350","/Volumes/Seagate Backup Plus Drive/Reconyx_2016/Rankin 2016/Site 51/2016-07-10 04-44-02 PM M 03_03.JPG",105,2016-07-10 10:44:02,7,192,10,1,0,0,0,0,"day"
"351","/Volumes/Seagate Backup Plus Drive/Reconyx_2016/Rankin 2016/Site 51/2016-07-11 05-20-57 PM M 02_03.JPG",105,2016-07-11 11:20:57,7,193,11,1,0,0,0,0,"day"
"352","/Volumes/Seagate Backup Plus Drive/Reconyx_2016/Rankin 2016/Site 51/Post-hatch/IMG_5342 (4).JPG",105,2016-07-31 07:47:11,7,213,7,0,2,0,0,0,"day"
"353","/Volumes/Seagate Backup Plus Drive/Reconyx_2016/Rankin 2016/Site 51/Post-hatch/2016-07-18 03-13-08 PM M 03_03.JPG",105,2016-07-18 09:13:08,7,200,9,1,0,0,0,0,"day"
"354","/Volumes/Seagate Backup Plus Drive/Reconyx_2016/Rankin 2016/Site 51/IMG_4757 (2).JPG",105,2016-06-28 11:06:39,6,180,11,1,0,0,0,1,"day"
"355","/Volumes/Seagate Backup Plus Drive/Reconyx_2016/Rankin 2016/Site 51/2016-07-07 10-52-51 PM M 02_03.JPG",105,2016-07-07 16:52:51,7,189,16,1,0,0,0,1,"day"
"356","/Volumes/Seagate Backup Plus Drive/Reconyx_2016/Rankin 2016/Site 51/2016-07-12 01-42-26 AM M 02_03.JPG",105,2016-07-12 07:42:26,7,194,7,1,0,0,0,2,"day"
"357","/Volumes/Seagate Backup Plus Drive/Reconyx_2016/Rankin 2016/Site 51/IMG_5601.JPG",105,2016-06-18 14:19:32,6,170,14,1,0,0,0,1,"day"
"358","/Volumes/Seagate Backup Plus Drive/Reconyx_2016/Rankin 2016/Site 51/2016-07-16 09-48-42 PM M 01_03.JPG",105,2016-07-16 15:48:42,7,198,15,1,0,0,0,4,"day"
"359","/Volumes/Seagate Backup Plus Drive/Reconyx_2016/Rankin 2016/Site 78/IMG_7698 (2).JPG",108,2016-06-20 14:51:49,6,172,14,1,0,0,0,0,"day"
"360","/Volumes/Seagate Backup Plus Drive/Reconyx_2016/Rankin 2016/Site 78/IMG_0147 (3).JPG",108,2016-06-29 16:40:22,6,181,16,1,0,0,0,0,"day"
"361","/Volumes/Seagate Backup Plus Drive/Reconyx_2016/Rankin 2016/Site 78/IMG_2258 (3).JPG",108,2016-06-29 12:43:17,6,181,12,1,0,0,0,0,"day"
"362","/Volumes/Seagate Backup Plus Drive/Reconyx_2016/Rankin 2016/Site 78/IMG_2267 (4).JPG",108,2016-06-26 11:11:05,6,178,11,1,0,0,0,0,"day"
"363","/Volumes/Seagate Backup Plus Drive/Reconyx_2016/Rankin 2016/Site 78/IMG_2332 (4).JPG",108,2016-06-26 11:41:34,6,178,11,1,0,0,0,0,"day"
"364","/Volumes/Seagate Backup Plus Drive/Reconyx_2016/Rankin 2016/Site 78/IMG_5238.JPG",108,2016-06-14 15:03:54,6,166,15,1,0,0,0,3,"day"
"365","/Volumes/Seagate Backup Plus Drive/Reconyx_2016/Rankin 2016/Site 78/IMG_7822 (3).JPG",108,2016-06-28 14:45:16,6,180,14,1,0,0,0,2,"day"
"366","/Volumes/Seagate Backup Plus Drive/Reconyx_2016/Rankin 2016/Site 78/IMG_3121 (3).JPG",108,2016-06-30 08:47:48,6,182,8,1,0,0,0,1,"day"
"367","/Volumes/Seagate Backup Plus Drive/Reconyx_2016/Rankin 2016/Site 78/IMG_7061 (3).JPG",108,2016-06-27 11:55:16,6,179,11,1,0,0,0,2,"day"
"368","/Volumes/Seagate Backup Plus Drive/Reconyx_2016/Rankin 2016/Site 78/2016-07-08 05-01-25 PM M 02_03.JPG",108,2016-07-08 11:01:25,7,190,11,1,0,0,0,1,"day"
"369","/Volumes/Seagate Backup Plus Drive/Reconyx_2016/Rankin 2016/Site 110/Post-hatch/2016-07-19 01-10-45 AM M 01_03.JPG",110,2016-07-19 07:10:45,7,201,7,1,0,0,0,0,"day"
"370","/Volumes/Seagate Backup Plus Drive/Reconyx_2016/Rankin 2016/Site 110/Post-hatch/2016-07-18 02-15-05 PM M 01_03.JPG",110,2016-07-18 08:15:05,7,200,8,1,2,0,0,0,"day"
"371","/Volumes/Seagate Backup Plus Drive/Reconyx_2016/Rankin 2016/Site 110/Post-hatch/IMG_3472 (7).JPG",110,2016-07-23 18:32:22,7,205,18,1,1,0,0,0,"day"
"372","/Volumes/Seagate Backup Plus Drive/Reconyx_2016/Rankin 2016/Site 110/IMG_0476 (4).JPG",110,2016-06-20 12:12:33,6,172,12,1,0,0,0,0,"day"
"373","/Volumes/Seagate Backup Plus Drive/Reconyx_2016/Rankin 2016/Site 110/Post-hatch/IMG_2950 (5).JPG",110,2016-07-13 16:37:36,7,195,16,1,1,0,0,0,"day"
"374","/Volumes/Seagate Backup Plus Drive/Reconyx_2016/Rankin 2016/Site 110/IMG_4309 (3).JPG",110,2016-06-25 09:30:15,6,177,9,1,0,0,0,2,"day"
"375","/Volumes/Seagate Backup Plus Drive/Reconyx_2016/Rankin 2016/Site 110/IMG_2092 (4).JPG",110,2016-06-21 15:14:08,6,173,15,1,0,0,0,1,"day"
"376","/Volumes/Seagate Backup Plus Drive/Reconyx_2016/Rankin 2016/Site 110/IMG_4497 (3).JPG",110,2016-06-25 16:28:36,6,177,16,0,0,0,0,4,"day"
"377","/Volumes/Seagate Backup Plus Drive/Reconyx_2016/Rankin 2016/Site 110/IMG_1765 (4).JPG",110,2016-06-21 09:39:01,6,173,9,0,0,0,0,4,"day"
"378","/Volumes/Seagate Backup Plus Drive/Reconyx_2016/Rankin 2016/Site 110/Post-hatch/IMG_0292 (9).JPG",110,2016-07-25 07:23:40,7,207,7,1,2,0,0,1,"day"
"379","/Volumes/Seagate Backup Plus Drive/Reconyx_2016/Rankin 2016/Site 130/2016-07-14 09-08-15 AM M 02_03.JPG",130,2016-07-14 15:08:15,7,196,15,1,0,0,0,0,"day"
"380","/Volumes/Seagate Backup Plus Drive/Reconyx_2016/Rankin 2016/Site 130/Post-hatch/IMG_8563 (3).JPG",130,2016-07-25 09:27:58,7,207,9,1,2,0,0,0,"day"
"381","/Volumes/Seagate Backup Plus Drive/Reconyx_2016/Rankin 2016/Site 130/IMG_0568.JPG",130,2016-06-21 16:10:52,6,173,16,1,0,0,0,0,"day"
"382","/Volumes/Seagate Backup Plus Drive/Reconyx_2016/Rankin 2016/Site 130/Post-hatch/2016-07-18 02-56-33 PM M 03_03.JPG",130,2016-07-18 08:56:33,7,200,8,1,0,0,0,0,"day"
"383","/Volumes/Seagate Backup Plus Drive/Reconyx_2016/Rankin 2016/Site 130/IMG_2312 (2).JPG",130,2016-06-27 11:19:58,6,179,11,1,0,0,0,0,"day"
"384","/Volumes/Seagate Backup Plus Drive/Reconyx_2016/Rankin 2016/Site 130/2016-07-16 01-43-00 PM M 01_03.JPG",130,2016-07-16 07:43:00,7,198,7,1,0,0,0,1,"day"
"385","/Volumes/Seagate Backup Plus Drive/Reconyx_2016/Rankin 2016/Site 130/IMG_3489 (4).JPG",130,2016-07-04 12:12:05,7,186,12,1,0,0,0,2,"day"
"386","/Volumes/Seagate Backup Plus Drive/Reconyx_2016/Rankin 2016/Site 130/Post-hatch/2016-07-19 11-51-01 AM M 02_03.JPG",130,2016-07-19 17:51:01,7,201,17,1,2,0,0,1,"day"
"387","/Volumes/Seagate Backup Plus Drive/Reconyx_2016/Rankin 2016/Site 130/IMG_0412.JPG",130,2016-06-19 12:21:41,6,171,12,1,0,0,0,1,"day"
"388","/Volumes/Seagate Backup Plus Drive/Reconyx_2016/Rankin 2016/Site 130/2016-07-17 05-15-59 AM M 02_03.JPG",130,2016-07-17 11:15:59,7,199,11,1,0,0,0,3,"day"
"389","/Volumes/Seagate Backup Plus Drive/Reconyx_2016/Rankin 2016/Site 145/Post-hatch/IMG_7791.JPG",145,2016-07-25 10:09:49,7,207,10,1,0,0,0,0,"day"
"390","/Volumes/Seagate Backup Plus Drive/Reconyx_2016/Rankin 2016/Site 145/Post-hatch/IMG_6768.JPG",145,2016-07-24 16:55:33,7,206,16,0,3,0,0,0,"day"
"391","/Volumes/Seagate Backup Plus Drive/Reconyx_2016/Rankin 2016/Site 145/Post-hatch/IMG_4728.JPG",145,2016-07-20 15:14:41,7,202,15,1,0,0,0,0,"day"
"392","/Volumes/Seagate Backup Plus Drive/Reconyx_2016/Rankin 2016/Site 145/Post-hatch/IMG_9003.JPG",145,2016-07-27 07:34:59,7,209,7,0,3,0,0,0,"day"
"393","/Volumes/Seagate Backup Plus Drive/Reconyx_2016/Rankin 2016/Site 145/Post-hatch/IMG_8302.JPG",145,2016-07-26 15:00:13,7,208,15,1,0,0,0,0,"day"
"394","/Volumes/Seagate Backup Plus Drive/Reconyx_2016/Rankin 2016/Site 145/Post-hatch/IMG_1467 (2).JPG",145,2016-07-15 17:33:14,7,197,17,1,1,0,0,1,"day"
"395","/Volumes/Seagate Backup Plus Drive/Reconyx_2016/Rankin 2016/Site 145/Post-hatch/IMG_7369.JPG",145,2016-07-24 13:31:49,7,206,13,1,0,0,0,1,"day"
"396","/Volumes/Seagate Backup Plus Drive/Reconyx_2016/Rankin 2016/Site 145/Post-hatch/IMG_1033.JPG",145,2016-07-15 07:50:33,7,197,7,1,0,0,0,1,"day"
"397","/Volumes/Seagate Backup Plus Drive/Reconyx_2016/Rankin 2016/Site 145/Post-hatch/IMG_1400 (2).JPG",145,2016-07-15 13:10:21,7,197,13,1,1,0,0,3,"day"
"398","/Volumes/Seagate Backup Plus Drive/Reconyx_2016/Rankin 2016/Site 145/Post-hatch/IMG_1916 (2).JPG",145,2016-07-16 08:45:29,7,198,8,1,2,0,0,1,"day"
"399","/Volumes/Seagate Backup Plus Drive/Reconyx_2016/Rankin 2016/Site 147/Post-hatch/IMG_0982.JPG",147,2016-07-24 15:30:09,7,206,15,1,3,0,0,0,"day"
"400","/Volumes/Seagate Backup Plus Drive/Reconyx_2016/Rankin 2016/Site 147/Post-hatch/IMG_2078.JPG",147,2016-07-26 18:23:17,7,208,18,1,1,0,0,0,"day"
"401","/Volumes/Seagate Backup Plus Drive/Reconyx_2016/Rankin 2016/Site 147/Post-hatch/IMG_4201.JPG",147,2016-08-07 15:30:36,8,220,15,0,1,0,0,0,"day"
"402","/Volumes/Seagate Backup Plus Drive/Reconyx_2016/Rankin 2016/Site 147/Post-hatch/IMG_6623.JPG",147,2016-07-28 07:55:57,7,210,7,1,2,0,0,0,"day"
"403","/Volumes/Seagate Backup Plus Drive/Reconyx_2016/Rankin 2016/Site 147/Post-hatch/IMG_9163.JPG",147,2016-07-30 16:48:57,7,212,16,0,2,0,0,0,"day"
"404","/Volumes/Seagate Backup Plus Drive/Reconyx_2016/Rankin 2016/Site 147/Post-hatch/IMG_7937.JPG",147,2016-07-29 09:20:49,7,211,9,0,1,0,0,1,"day"
"405","/Volumes/Seagate Backup Plus Drive/Reconyx_2016/Rankin 2016/Site 147/Post-hatch/IMG_5774.JPG",147,2016-07-27 08:23:46,7,209,8,0,1,0,0,1,"day"
"406","/Volumes/Seagate Backup Plus Drive/Reconyx_2016/Rankin 2016/Site 147/Post-hatch/IMG_9725.JPG",147,2016-07-30 17:46:54,7,212,17,0,1,0,0,1,"day"
"407","/Volumes/Seagate Backup Plus Drive/Reconyx_2016/Rankin 2016/Site 147/Post-hatch/IMG_7919.JPG",147,2016-07-29 09:17:38,7,211,9,0,2,0,0,1,"day"
